{"cameraMode":{"drawMode":0,"name":"Shaded","section":"Shading Mode"},"sceneLighting":true,"audioPlay":false,"sceneViewState":{"m_AlwaysRefresh":false,"showFog":true,"showSkybox":true,"showFlares":true,"showImageEffects":true,"showParticleSystems":true,"showVisualEffectGraphs":true,"m_FxEnabled":true},"in2DMode":false,"pivot":{"x":0.021411895751953126,"y":38.428382873535159,"z":232.43402099609376},"rotation":{"x":0.06718891113996506,"y":-0.934330403804779,"z":0.21282930672168733,"w":0.2787548303604126},"size":14.935518264770508,"orthographic":false}