{"cameraMode":{"drawMode":0,"name":"Shaded","section":"Shading Mode"},"sceneLighting":true,"audioPlay":false,"sceneViewState":{"m_AlwaysRefresh":false,"showFog":true,"showSkybox":true,"showFlares":true,"showImageEffects":true,"showParticleSystems":true,"showVisualEffectGraphs":true,"m_FxEnabled":true},"in2DMode":false,"pivot":{"x":19.993671417236329,"y":39.105472564697269,"z":229.2545623779297},"rotation":{"x":0.1279510110616684,"y":-0.8646332621574402,"z":0.26169735193252566,"w":0.4099196791648865},"size":0.8660253882408142,"orthographic":false}